ID;Titre;Prénom1;Nom1;Prénom2;Nom2;Prénom3;Nom3;Pitch;jour;plage;ID-ctrl;Niveau;Objectif;Salle;Time
1;"Créez vos jeux pédagogiques pour parler de vos sujets sérieux";"Grégory";"ALEXANDRE";"";"";"";"";"Je propose à toutes celles et ceux qui désirent former autrement, partager leurs informations et connaissances de façon participative, de découvrir les vertus du  jeu pédagogique et les étapes fondamentales pour créer des jeux physiques pédagogiques.<br>Cette conférence vous permettra de faire la différence entre Serious Game et Gamification, de comprendre l'intérêt de ces outils, de vous inspirer d'exemples concrets et de retours d'expériences.<br>Pas de connaissance particulière requise mais une appétence pour le jeu et l'envie de partage.";"Jeudi matin";"Long 1";"1";"Shu (apprendre les fondamentaux)";"Faire vivre une pratique";"Chalet 1";"09h50 - 10h50"
4;"#LostInTransformation : revenons aux bases";"Laetitia";"THERNIER";"Régis";"SCHNEIDER";"";"";"Vous accompagnez des transformations et vous avez des difficultés pour expliquer votre démarche ?<br>Vous promouvez des transformations et vous ne comprenez pas ce que font encore ces coachs ?<br>Vous avez des difficultés à vous engager dans une transformation personnelle ?<br>Bref, vous êtes perdus dans ces transformations ! Et si nous oublions ces modèles très compliqués...<br>Sur le principe des poupées russes où un même modèle est répété à différents niveaux, cet atelier propose d’explorer 3 thèmes essentiels sur 3 niveaux : individu, équipe et organisation. Ce voyage offrira une nouvelle grille de lecture aux transformations que vous vivez au quotidien.";"Vendredi Après-midi";"Atelier";"4";"Shu (apprendre les fondamentaux)";"Faire vivre une pratique";"Chalet 3";"14h10 - 16h10"
5;"Dynamique de Groupe et Cohésion selon la théorie organisationnelle de Berne, Petit Guide de survie pour Leader Jedi";"Anne-Sophie";"GIRAULT LE MAULT";"";"";"";"";"L’ AT organisationnelle offre des trésors de compréhension pour tous les facilitateurs. Parce qu’elle s’intéresse à la relation entre les individus, elle complète l’agilité et répond à ses valeurs. Qu’est ce qu’est-ce qu’un groupe, en quoi se distingue-t-il d’une masse ou d’une foule, quelle nuance avec une organisation, et quels sont les processus relationnels qui s’activent sur ses frontières, entre pression et agitation qui sous tendent la gestion de différentes énergies ? Puis, le leadership et ses fonctions d’appareil pour permettre de traiter le sujet de la cohésion. Comprendre ce qu’est la cohésion de groupe, ce qui la crée mais aussi la détruit : du bouc-émissaire, en passant par le secret, la loyauté, la confiance, l’engagement. De l’erreur à la trahison, autant de configurations possibles qui imposent de comprendre comment se déroule la gestion des flux d’énergie individuels et collectifs. Agir sur ce champ de forces à l’oeuvre. En chacun de nous sommeille un maitre Jedi.";"Vendredi Après-midi";"Court 3";"5";"Ha (casser avec la tradition)";"Faire vivre une pratique";"Belvédère";"16h40 - 17h10"
6;"L'atomic design";"Aurelie";"AMBAL";"";"";"";"";"L'atomic Design est une méthodologie pour concevoir des systèmes de conception d'interface.<br>L'ayant expérimenté sur une année complète cela m'a permis de mener à bien la refonte du tunnel d'achat d'un des plus gros site ecommerce français avec une petite équipe agile de 4 personnes. En tant que lead front sur ce projet c'est la meilleur chose que j'ai pu mettre en place. Je l'ai testé, amélioré et adopté !<br>Ca m'a permis de rendre mes composants réutilisable, ça m'a aidé a tester mon code, à le rendre scalable et fiable. Enfin ça à décuplé la confiance et la compréhension du métier en offrant une vision claire des composants et de leur composition.<br>Tout le monde pourraient être interessé par cette présentation. Aucune connaissances préalables n'est nécessaire, mais c'est un plus d'avoir des bases en développement/design.<br>Les participants pourront découvrir et/ou avoir une meilleure connaissance de ce qu'est réellement l'atomic design, et comme je l'espère l'envie de l'expérimenter.";"Vendredi Après-midi";"Court 3";"6";"Shu (apprendre les fondamentaux)";"Expliquer des bases ET Partager une expérience";"Chalet 2";"16h40 - 17h10"
11;"SCRUMind : le mille-borne agile";"François-Xavier";"LEONETTI";"Amélie";"PLEAU";"";"";"Rien ne se passe jamais comme sur le papier ! Pour s’initier à cette maxime et jouer à la vie opérationnelle, nous proposons une session de jeu SCRUmind, jeu de carte inspiré du mille bornes.<br>Au lieu de cumuler des kilomètres, délivrez un maximum de valeur en faisant face aux embûches que vous tendra l’antiscrum (un des joueurs) ! Par exemple, l'équipe devra imaginer comment faire face à l'absence d'un PO, une surprise en production, un conflit avec le sponsor, tout en surveillant le moral de l'équipe !<br>Objectifs pédagogiques<br>- Découvrir des événements difficiles auxquels faire face dans la pratique du SCRUM<br>- Reconnaître sa capacité de réponse à l’adversité et se la réapproprier<br>- Apprendre à réfléchir aux moyens de réponse collectifs et les cultiver<br>- Savoir se recentrer régulièrement sur la valeur";"Vendredi matin";"Long 2 + 3";"11";"Ha (casser avec la tradition)";"Faire vivre une pratique";"Hall Chalet";"Long 2 + 3"
14;"Les développeurs et les fonctionnalités, plus que les sprints et les daily meetings";"Arnaud";"PICHERY";"";"";"";"";"Ces derniers mois, après plusieurs semi-échecs et beaucoup de frustration, nous avons imaginé une nouvelle méthode pour développer les nouvelles fonctionnalités de notre logiciel. Après plusieurs itérations pour l'améliorer, nous l'utilisons aujourd'hui pour tous nos développements.<br>Contrairement aux pratiques agiles habituelles où l'équipe est le point central, cette méthode place les développeurs et les fonctionnalités qu'ils développent au coeur du jeu.<br>Les développeurs (en binôme) sont les uniques responsables de la livraison de la fonctionnalité qu'ils ont choisi. Ils donner le rythme d'avancement. Phase de définition du besoin et des impacts sur le logiciel, puis kick-off de lancement, développements itératifs, pré-recette, et enfin finitions et livraison.<br>Le reste des équipes (PM, QA, UX, CTO, ...) intervient tout au long de ce processus en soutien des développeurs pour les aider au mieux dans leurs tâches, à leur demande ou régulièrement.";"Vendredi Après-midi";"Court 3";"14";"Ha (casser avec la tradition)";"Partager une expérience";"Chalet 3";"16h40 - 17h10"
15;"Priotour : jouer à prioriser collectivement";"Yann";"GOWSY";"Alexandre";"QUACH";"";"";"Pitch :<br>Cela vous est-il arrivé d’avoir TROP de choses à faire ? A l’ère de l’infobésité, qui n’est pas surchargé(e) ? Et par extension : Quelle équipe n’est pas surchargée ? La réponse classique ? « Tu n’as qu’à prioriser ! ».<br>Une fois sur le terrain, ce n’est pas si facile !<br>Pour se tenir prêts, il nous faudrait alors un petit florilège de techniques collectives, ou individuelles de priorisation, répondant à une contrainte (« nous sommes beaucoup à décider », « il y a plein d’éléments », « tout n’est pas précis », ...)<br>Publics préférentiels : Toute personne en position de prendre une décision ou d'y participer.<br>Connaissances préalables : Aucune<br>Que retireront les participant(e)s : Un ensemble de techniques de priorisation collective, qu'ils auront déjà pratiqué au moins une fois pendant l'atelier. Les ressources sont libres d'utilisation et ouvertes (format #OpenSeriousGame), chaque participant(e) pourra donc aussi animer l'atelier une fois de retour à son environnement.";"Vendredi matin";"Long 2 + 3";"15";"Shu (apprendre les fondamentaux)";"Faire vivre une pratique";"Chalet 4";"09h30 - 11h50"
17;"Hackez vos réunions avec les Liberating Structures";"Anne";"GABRILLAGUES";"";"";"";"";"Avez-vous déjà vécu des réunions épouvantablement ennuyeuses ? L’application aveugle des Best Practices pensées par d’autres ? Les interrogations des managers sur le mutisme des collaborateurs ou leur manque d’implication ? La mise à l’écart de certains collaborateurs parce qu’ils ralentissent le groupe ? La déception engendrée par le fait que les idées d’amélioration ne sont jamais mises en place ?<br>Vous souhaitez développer l’intelligence collective de vos équipes de façon efficace, ludique et rapide ?<br>Venez découvrir en quoi les “Liberating Structures” permettent de libérer la parole, d'inclure tous les participants dans les échanges et la prise de décision et favorisent une participation active dans des groupes de toute taille.";"Vendredi Après-midi";"Atelier";"17";"Shu (apprendre les fondamentaux)";"Expliquer les bases au format conférence / faire vivre une pratique au format atelier";"Chalet 2";"14h10 - 16h10"
18;"Comment j'ai switché mon cerveau";"Aurélien";"WILLE";"";"";"";"";"Cette conférence/atelier s’adresse à tou-te-s les curieux-ses, explorateur-rice-s et passionné-e-s de la relation humaine… et des problèmes qui vont avec.<BR>« Solution Focus » est un outil, aussi simple que génial, pour aborder vos blocages et freins avec plaisir. (Oui, oui ! Vous avez bien lu)<BR>En toute humilité et transparence, on vous propose de :<BR>- Renouer avec l’idée que vous êtes le ou la seul-e expert-e de tous les aspects de votre vie<BR>- Vous faire vivre une connexion singulière à vos propres ressources<BR>- Vous centrer sur les possibilités et les choix qui s’offrent à vous, plutôt que sur les déficits<BR>Cerise sur le gâteau, on ira aussi faire un tour dans les coulisses des neurosciences, pour comprendre comment et pourquoi la technique Solution Focus est aussi efficace ! Juste de quoi alimenter vos réflexions et nourrir vos prises de recul pour quelques temps. Are you ready ?!";"Jeudi matin";"Long 1";"18";"Shu (apprendre les fondamentaux)";"Faire vivre une pratique";"Chalet 1";"09h50 - 10h50"
22;"Ras le bol des méthodes agiles, passons aux méthodes rigides !!";"Mickaël";"ANDRE";"";"";"";"";"Public visé :<br>Toutes les personnes pratiquant l'agilité et idéalement avec quelques connaissances des Frameworks (Scrum, Kanban, SAFe), donc un public non novice, avec le goût pour le second degré :)<br>Description :<br>L'agilité, on est tous d'accord, ça ne marche pas, alors passons aux méthodes rigides !<br>Dans ce retour d’expérience, nous verrons les bénéfices des « méthodes rigides » avec notamment :<br>- Le « manifeste rigide »<br>- Le cadre « SCRAFe » (c)<br>- Pleins de belles pratiques : Des silos, de beaux effets tunnels, du top-down et du management rigide, des rétrospectives pour régler ses comptes et chercher les coupables, pleins d’outils ayant pour seul objectif de contrôler, etc.<br>- Des dizaines de nouvelles certifications (très très chères et qui servent pas à grand chose sauf à frimer)<br>- Et bien évidemment un retour d’expérience de mise en place des « méthodes rigides » dans une équipe qui n’avait rien demandé";"Vendredi matin";"Long 2";"22";"Ha (casser avec la tradition)";"Faire rire / provoquer / faire réfléchir";"Belvédère";"09h30 - 10h30"
25;"Le dessin au service des agents du changement";"Gautier";"LESIEUR";"";"";"";"";"Le dessin nous aide au quotidien, on le voit tous les jours autour des évènements ou sensibilisations agile à travers des affiches, des supports de présentation ou des fresques. J’ai pu expérimenter le sketchnoting dans plusieurs formats dont des fresques en live, cela éveil incontestablement la curiosité des participants. Pourquoi cette communication innovante nous attire tant ? Quels sont les ingrédients qui nous libèrent du regard des autres ou de la peur de l’échec ? Pourquoi le dessin en live nous permet-il de mieux comprendre ? Chacun peut expérimenter, trouver son propre style et c’est gagné !";"Jeudi après-midi";"Court 2";"25";"Shu (apprendre les fondamentaux)";"Partager une expérience";"Belvédère";"17h20 - 17h40"
29;"Oui, seigneur directeur général";"Fabrice";"BLOCH";"Armelle";"KOEHL";"";"";"Rigor Mortis, notre Directeur Général, jette un regard torve à ses serviteurs -pardon collaborateurs- recroquevillés de peur. Encore une fois, son génial plan stratégique a échoué. Quelqu’un doit payer pour ce fiasco.<br>Il va falloir faire preuve de vivacité d’esprit et sortir le grand baratin pour éviter le courroux du Directeur Général.<br>Mais chacun des malheureux collaborateurs est prêt à déformer la vérité, à accuser ses collègues et utiliser tous les moyens nécessaires pour s’assurer que c’est quelqu’un d’autre qui prendra !<br>Et si on devenait liquide ?";"Vendredi Après-midi";"Atelier";"29";"Shu (apprendre les fondamentaux)";"Expliquer des bases";"Chalet 1";"14h10 - 16h10"
33;"Peut-on parler de DevOps sans parler d'Agilité ?";"Vincent";"JOBARD";"";"";"";"";"DevOps est devenu à la mode. On entend beaucoup parlé d' Ingénieur DevOps, d'outils DevOps, de méthodologie DevOps, de workflow DevOps. DevOps donne lieu également à de nombreuses déclinaisons : DevSecOps, DevOps Business.<br>Pourtant, l'essentiel est oublié. DevOps c'est avant tout un état d'esprit qui prend racine dans l'Agilité.<br>Dans cette conférence ouverte à tous, venez découvrir ce qu'est DevOps et ses liens avec l'Agilité afin de vous permettre de mettre en place DevOps sereinement.";"Jeudi matin";"Long 1.2";"33";"Shu (apprendre les fondamentaux)";"Lancer un débat";"Chalet 2";"11h20 - 11h50"
41;"Décider efficacement en équipe oui, mais comment ?";"Frantz";"DEGRIGNY";"Gaelle";"ABAUTRET";"";"";"Nous voulons tous faire partie d'une équipe sympa et performante ! En réalité ce n'est pas magique : des pratiques simples et performantes existent. L'agilité nous propose de maximiser la valeur que nous livrons en misant sur l'intelligence collective. L'équipe est censée s'auto-organiser et prendre ses décisions collectivement. Oui mais comment fait-on concrètement ?<br>En regardant ce qui se fait ailleurs, nous pouvons miser sur l'aspect humain et voir comment les apports des Core Protocols et la pratique du Message Clair (issu de la CNV) peuvent nous aider à rendre notre travail, à la fois, plus confortable et plus efficace, par des exemples concrets basés sur des situations vécues.";"Jeudi matin";"Long 1";"41";"Shu (apprendre les fondamentaux)";"Faire vivre une pratique";"Chalet 3";"09h50 - 10h50"
42;"Systemische weergave van Moordrecht";"Arnaud";"GERVAIS";"Grégory";"ALEXANDRE";"";"";"Nous sommes au XVIIème siècle aux Pays-Bas. Difficile de vivre dans le petit village de Moordrecht où les conflits internes comme les risques environnementaux viennent perturber l'équilibre de ce bourg paysan.<br>Venez découvrir la vie à Moordrecht, celle de ses habitants et de leurs tracas et ensemble nous représenterons, au fur et à mesure, le système que représente ce ce petit village.<br>Cet atelier de Représentation systémique que nous vivrons ensemble sera pour vous l'occasion de découvrir un exercice qui vous permettra par la suite de mieux comprendre votre environnement, sa dynamique et les mécaniques qui se jouent pour créer le status quo ou le changement.<br>Nous parlerons homéostasie, changement de type A ou B, de modèles mentaux, de boucles, de résilience, de loups... et surtout nous les représenterons.";"Vendredi Après-midi";"Atelier";"42";"Shu (apprendre les fondamentaux)";"Faire vivre une pratique";"Belvédère";"14h10 - 16h10"
43;"Faire de l'entreprise une aventure humaine";"Charline";"RENART";"Coline";"GUICHARD";"";"";"Notre présentation est un REX sur la création de l'entreprise dont nous sommes salariés, Coline et moi-même.<br>En 2015, notre entreprise, une ESN, voit le jour à Nantes. Dans un milieu concurrentiel où l'informaticien est bien trop souvent considéré comme un bout de viande, Emmanuel, notre chef, part avec l'envie de créer une entreprise collaborative où il faut bon vivre. En 2019, on est une cinquantaine de collaborateurs en mission et notre entreprise est un peu une deuxième famille.<br>Notre REX raconte :<br>- la création d'un esprit d'équipe fort<br>- la construction de notre entreprise tous ensemble<br>- l'engagement de nos collaborateurs dans l'entreprise.<br>En parcourant l'historique de notre entreprise et les différents obstacles rencontrés, nous vous raconterons nos tentatives, nos réussites mais aussi nos échecs. Bref un témoignage qui vous donnera des idées à appliquer dans vos équipes (pour les manages, scrum masters) ou dans vos entreprises (pour les dirigeants d'entreprise)";"Jeudi matin";"Long 1.2";"43";"Ri (transcender)";"Partager une expérience";"Chalet 2";"11h50 - 12h20"
45;"Un MVP sans code en un mois au Ministère de l'Intérieur";"Dominique";"LEQUEPEYS";"Philippe";"BRON";"";"";"On vous dit que votre entreprise est trop bureaucratique pour le lean startup ? Répondez que même le Ministère de l’intérieur y arrive !<br>Au Lab innovation, on a créé un service en un mois avec un MVP sans code. Au lancement, plus de 100 utilisateurs et des métriques pour justifier plus d'investissement. Découvrez l'intérêt de mettre en prod avant de faire du code.";"Vendredi Après-midi";"Atelier";"45";"Ri (transcender)";"Partager une expérience";"Chalet 4";"14h10 - 16h10"
53;"Agiliser une chaine de valeur en 3 mois (YES!) : de la Stratégie Marketing jusqu’à la boutique - Retour d’expérience";"Moïra";"DEGROOTE";"Laurent";"LAME";"";"";"Si on nous avait parlé de la transformation d’une chaine de valeur de bout-en-bout, comprenant 20 équipes réparties sur 6 Directions, qui aboutit à l’alignement de leurs objectifs ... en 3 mois seulement, on n’y aurait tout simplement pas cru !!<br>Vous êtes sceptiques ? Venez découvrir comment nous avons élaboré une approche décomplexée inspirée de multiples approches d’intelligence collective (Agilité, Design Sprint, Lean 6 sigma, Kaizen, Solution Focus...) pour :<br>- gérer la dimension politique<br>- susciter l’envie du terrain et du management<br>- transmettre que ‘Accélération’ ne rime pas avec ‘Pression’<br>- traiter les particularités liées à une activité opérationnelle (sans IT)<br>Tous publics (Décideurs et Collaborateurs Novices et Experts Métiers et IT)";"Jeudi matin";"Long 1.2";"53";"Ri (transcender)";"Partager une expérience";"Belvédère";"11h20 - 12h20"
55;"Développer sa maturité produit, ce qu'il faut savoir !";"Tiphanie";"VINET";"";"";"";"";"Cette session s'adresse à des coachs devant accompagner des PO/PM, des scrum master travaillant avec des PO et devant faciliter leur quotidien, et enfin des jeunes PO/PM. La connaissance de ce qu'est un produit nécessaire pour que cette session soit pertinente. Comment devient on PM/PO? J'aborde dans un premier temps  mon parcours, comment je suis devenue PM sans le savoir, je raconte avec des chiffres et des anecdotes mon parcours chez un leader du ecommerce, sans les citer. Je fais aussi un parallèle sur comment se nomme, aujourd'hui, des choses faites à l'instinct il y a 7 ou 8 ans. Puis je présente les éléments forts qui aujourd'hui me permettent d'accompagner des PO/PM dans leur monté en compétence et sur quoi je m'appuie pour faire ceci, qu'elles sont les valeurs que je développe chez eux : expertise, organisation, mindset, boite à outils, approche...";"Vendredi Après-midi";"Atelier";"55";"Shu (apprendre les fondamentaux)";"Partager une expérience";"Chalet 4";"15h10 - 16h10"
57;"Préserver la planète par le fret ferroviaire, un modèle d'innovation orientée résultats";"Bertrand";"MINARY";"";"";"";"";"Cette session adressera la transformation Innovation & Digital de Fret SNCF. Acteur majeur du transport ferroviaire, Fret SNCF agit dans un marché ouvert à la concurrence depuis plus de 10 ans. Sur ce marché, les marges sont très faibles, négatives, les assets sont très chers et longuement amorties et les processus sont historiques, sécuritaires et lourds.<br>Et pourtant il est possible d'innover fortement dans ce contexte, en :<br>- considérant l'innovation comme un poste de résultats et non un poste de coûts, avec des projets directements intégrés au P&L de l'entreprise<br>- trouvant les leviers de transformation orientés métier, et non techniques, ce qui n'est pas inné dans les vieilles industries d'ingénieurs<br>- faisant fonctionner un dispositif unique d'accélération des projets hardware et software sous l'angle agile et lean Startup<br>- misant sur une transformation sociétalement entendue et attendue, pour créer les coopérations.";"Jeudi après-midi";"Court 2";"57";"Ha (casser avec la tradition)";"Partager une expérience";"Chalet 1";"17h20 - 17h40"
58;"Bullshit Game : Comment bousculer un Comité de Direction";"Emmanuelle";"LEFORT";"Marina";"SOSNIAK";"";"";"Nous allons vous raconter l’histoire inspirante d’une néo startup de 2 000 collaborateurs agissant en rupture dans l’écosystème phygitale - BULLSHIT !!!<br>Nous, équipe de transfo “so agile change makers”, avons voulu partager avec vous, notre engouement pour un jeu que nous avons créé et animé (et adoré) auprès du comité de direction d’une néobanque.Le bullshit game, c’est un jeu pas très chic mais (gros détail) choc. Volontairement provoc’, il crée la surprise, déclenche des fous-rire, et surtout, chasse le politiquement correct et dénonce le bullshit! Une recette détonante (parfois gênante...) qui fait pousser les émotions et tomber les masques, pour mettre véritablement à l’épreuve transparence et confiance d’équipe.<br>Nous proposons également de raccrocher cette expérience avec l’explication de notre démarche d’accompagnement du CODIR, initiée par la construction et la consolidation de l’équipe et inspirée du modèle des “5 dysfonctionnements d’une équipe” de Patrick Lencioni.";"Jeudi matin";"Long 3";"58";"Ha (casser avec la tradition)";"Tenter un truc";"Belvédère";"10h50 - 11h50"
60;"Presta externes ou insiders : comment rendre addict à la potion Agile les grosses structures ?";"Jean-Michel";"ARNOUX";"";"";"";"";"La présentation s’adresse à deux publics différents et complémentaires. Il s’agit des prestataires Agilistes (SSII), débutants ou non et des acteurs, souvent moins expérimentés que les premiers, des grosses structures (entreprises ou administrations) qui mettent en œuvre ou souhaitent le faire, de l’Agilité.<br>L’objectif est de présenter à chacun, les clés, bonnes pratiques et pièges à éviter pour pratiquer avec succès, l’agilité. Il ne s’agit pas d’un retour d’expérience mais d’un exposé sur les facteurs clés, vus, et c’est l’originalité de la présentation, par un acteur d’une grosse structure, l’Insee. Le client parle aux prestas en expliquant quelques clés pour faire du gagnant-gagnant.<br>L’exposé est jalonné d’illustrations et d’anecdotes. Des éléments de base de l’agilité et de sociologie (le chemin vers l’interdépendance, la socio-dynamique des acteurs, le cargo cult agile, etc.) y sont aussi rappelés de manière ludique. L’exposé est support à échanges avec et entre participants.";"Vendredi matin";"Long 3";"60";"Ha (casser avec la tradition)";"C’est un mélange de bases, de rex et de changement du point de vue habituel";"Chalet 1";"10h50 - 11h50"
63;"Le taoïsme, source d'agilité (extérieur)";"Yoan";"THIRION";"";"";"";"";"Vous avez des livres qui prennent la poussière ?<br>Vous avez vraiment envie de les lire mais vous ne trouvez pas le temps ?<br>La solution: Xtrem reading.<br>Apprenez la lecture collective et lisez 2 livres en 1 heure.<br>Avec ce format d'atelier :<br>- Booster votre intelligence collective<br>- Raviver la flamme de la lecture<br>- Développer votre vitesse de lecture<br>- Prévoir vos prochaines lectures<br>- Ne lisez plus pour rien";"Vendredi Après-midi";"Atelier";"63";"Shu (apprendre les fondamentaux)";"Faire vivre une pratique";"Fermette";"14h10 - 16h10"
67;"Je pilote une transformation Agile, mais chut, je suis un développeur (imposteur), le Frank Abagnale de l’Agilité !";"Eric";"PATRIZIO";"";"";"";"";"Je viens de prendre conscience que je suis un grand malade. Ben ouais, je suis développeur, je ne suis pas coach Agile, je pratique l’Agilité au feeling depuis à peine quelques années, et je suis pourtant responsable de la transformation Agile d’un éditeur de logiciels de 200 collaborateurs dont les produits concernent quasi 1 million d’utilisateurs. Et ce n’est pas fini, ce projet intègre une dimension internationale importante, and my english is very approximatif.<br>Catch me if you can Je suis un imposteur, le Frank Abagnale de l’Agilité, chut, ça reste entre nous ^_^<br>Au cours de cette session, je souhaiterais partager avec vous cette expérience résolument folle, impactante personnellement, émouvante, parfois décourageante, étonnante, mais toujours passionnante. Bienvenue dans ma vie.";"Vendredi Après-midi";"Atelier";"67";"Shu (apprendre les fondamentaux)";"Partager une expérience";"Chalet 2";"15h10 - 16h10"
72;"Magie noire ou comment les All Blacks se construisent hors du terrain ?";"Nils";"LESIEUR";"Stéphane";"BACHELET";"";"";"Les All Blacks, nous pourrions vous en parler pendant 2 jours entiers (envie d’un week-end avec nous ? :)). Mais, nous parlerions sans doute de leurs victoires, des quelques défaites contre le XV de France, de leur suprématie technique, ...<br>Nous pourrions aussi faire un parallèle avec des équipes IT : technique rugbystique (vs kata de développement), d’amélioration continue (vs séance vidéo), d’innovation tactique (vs innovation technologique), ...<br>Mais nous préférons, pendant 50 minutes, nous concentrer sur leurs entraînements en dehors du rugby et de la salle de musculation : ceux qui permettent de fonder un équipe et ceux qui font grandir les têtes des joueurs.<br>Autrement dit, qu’ont-ils mis en place pour pérenniser ces victoires au plus haut niveau ?<br>Comment traduisent-ils leur vision et leurs valeurs pour les appliquer sur le terrain ?<br>Qu’ont-ils mis en place pour gérer la pression dans les moments critiques ?<br>Quels sont leurs secrets ? Quelle est cette magie ?";"Jeudi matin";"Long 1.2";"72";"Ha (casser avec la tradition)";"Lancer un débat";"Fermette";"11h20 - 12h20"
74;"Le Software Craftsmanship expliqué à ma mère, mon PO, mes devs, etc.";"Frédéric";"FAURE";"";"";"";"";"Le software craftsmanship c’est comme le sexe chez les adolescents : tout le monde en parle, tout le monde croit que les autres le font donc tout le monde dit qu’il le fait alors qu’en fait, personne le fait. En m’appuyant sur cette blague honteusement recyclée, j’ai décidé de revenir aux bases du Software Craftsmanship. L’idée de cette présentation est donc de revenir aux origines du mouvement, de parcourir ses concepts clés. On parlera sans doute un peu d’eXtreme Programming, de Domain Driven Design, de dette technique, de refactoring, etc. On dira peut-être du mal d’Uncle Bob et sans doute du bien de Kent Beck. En sortie de cette session, les POs ne seront peut être pas des spécialistes du principe de substitution de Liskov, mais ils connaitront au moins l'existence des principes SOLID. Les devs ne seront peut être pas capable d'animer un shifumi géant mais ils auront, j'espère, envie d'aller voir et comprendre leurs utilisateurs.";"Vendredi matin";"Long 2";"74";"Shu (apprendre les fondamentaux)";"Un peu de tout à la fois, désolé (des bases, mes expériences, lancer des débats...)";"Chalet 2";"09h30 - 10h30"
76;"Pédagogie Agile : Et si l'implication, l'attention, la mémorisation et la gratitude se cultivaient ?";"Manuella";"CHAINOT-BATAILLE";"";"";"";"";"Au cours de cet atelier je vous propose d’expérimenter un éventail d’outils qui favorisent implication, compréhension, mémorisation, attention et gratitude dans les classes. En accord avec les valeurs du manifeste agile, ces outils sont inspirés de la psychologie positive, des pédagogies actives et de la pleine conscience.<br>Ils sont adaptables de la maternelle à l’enseignement supérieur... et même ailleurs.";"Jeudi matin";"Long 1";"76";"Ha (casser avec la tradition)";"Faire vivre une pratique";"Fermette";"09h50 - 10h50"
82;"L’agilité ça ne marche pas ! Ok, mais pourquoi ?";"Emilie";"SULMONT";"Vincent";"FASSEU";"Mickaël";"SEVERE";"Cet atelier est un forum théâtre. Une scénette de 5 min retrace un atelier de rétrospective qui se passe plus ou moins bien, mettant en jeu des  participants et un facilitateur agile.<br>Cet atelier fait intervenir :<br>-un animateur en charge d'inviter les participants à réagir et intervenir sur scène pour tenter de faire changer les choses<br>-3 acteurs faisant vivre la scène et prêt à interpréter les nouvelles situations rencontrées aux vues des remarques des participants<br>-Un facilitateur graphique en charge de collecter graphiquement les échanges.<br>Cette session intéresse tous les coach agiles, novices ou experts ayant une connaissance de la posture agile et des ateliers de rétrospective et qui souhaitent s'améliorer ou partager leurs pratiques. Ils seront à la fois intéressés par l'apport des échanges issues de l'atelier et à la fois intéressés par le format suscitant interactions dynamiques et impliquantes, dont ils  pourront s'inspirer.";"Vendredi Après-midi";"Court 3";"82";"Ha (casser avec la tradition)";"rechercher ensemble des solutions autour de problématiques agiles que l'on peut rencontrer lorsque l'on anime des ateliers agiles. (Format déjà tentée et approuvée au Printemps Agile de Caen en mars)";"Fermette";"16h40 - 17h10"
82;"L’agilité ça ne marche pas ! Ok, mais pourquoi ? (suite)";"Emilie";"SULMONT";"Francois";"BOISSEF";"Florence";"TOUTAIN";"Cet atelier est un forum théâtre. Une scénette de 5 min retrace un atelier de rétrospective qui se passe plus ou moins bien, mettant en jeu des  participants et un facilitateur agile.<br>Cet atelier fait intervenir :<br>-un animateur en charge d'inviter les participants à réagir et intervenir sur scène pour tenter de faire changer les choses<br>-3 acteurs faisant vivre la scène et prêt à interpréter les nouvelles situations rencontrées aux vues des remarques des participants<br>-Un facilitateur graphique en charge de collecter graphiquement les échanges.<br>Cette session intéresse tous les coach agiles, novices ou experts ayant une connaissance de la posture agile et des ateliers de rétrospective et qui souhaitent s'améliorer ou partager leurs pratiques. Ils seront à la fois intéressés par l'apport des échanges issues de l'atelier et à la fois intéressés par le format suscitant interactions dynamiques et impliquantes, dont ils  pourront s'inspirer.";"Vendredi Après-midi";"Cloture";"82";"Ri (transcender)";"Expliquer des bases derrière les bases.";"Belvédère";"17h20 - 18h00"
83;"Le taoïsme, source d'agilité";"Dov";"TSAL";"";"";"";"";"Un voyage de mille milles commence sur le sol sous vos pieds. (de l'Agile Tao)<br>Je vous invite à faire une pause d'une heure près du lac pour:<br>- Découvrir l'histoire inspirante de Lau Tzu, le premier coach agile<br>- Lire ensemble ce que le taoïsme a à dire sur: L'Agilité, la fonctionnalité, gestion des produits, transformation à grande échelle et le leadership par le service.<br>- Re-connecter aux racines du mouvement agile<br>- Et comprendre les conseils de Lau-Tzus pour une transformation réussie, tirés de la douloureuse transformation de l'empire chinois pendant la dynastie Quin.<br>Remarques:<br>La session est basée sur «The Agile Tao» de Peter Merel (fondateur de l'alliance XScale)<br>On va le faire dehors.<br>Audience de la session: Tout le monde est le bienvenue.<br>Public: jusqu'à 30 personnes près du lac.<br>En cas de pluie, nous trouverons un espace alternatif.<br>nous distribuerons tous les poèmes discutés en anglais et en français aux participants";"Vendredi Après-midi";"Exterieur";"83";"Ha (casser avec la tradition)";"Partager une expérience";"Chalet 3";"14h10 - 16h10"
93;"Managers, trouvez votre place dans un monde agile";"Nicolas";"KALMANOVITZ";"Alban";"DALLE";"";"";"Nous l’observons de plus en plus, la recherche d’agilité conduit les entreprises à adapter leur organisation : casser les silos, privilégier les petites équipes pluridisciplinaires, rendre ces équipes plus autonomes et responsables... avec à la clé une vraie remise en question du rôle des managers.<br>Un manager a-t-il encore sa place dans une équipe autonome et responsable ?<br>Qu’est-ce que les équipes peuvent attendre des managers dans une telle organisation ?<br>Comment évaluer la progression ou la performance d’un collaborateur managé, d’une équipe ?<br>Cumulant 30 ans de management dans des contextes traditionnels et agiles, Alban et Nicolas vous partagent leur propre expérience, leur vision et comment, depuis 5 ans, ils accompagnent l’évolution des postures managériales dans les entreprises en transformation.<br>Pour tous les managers et agents du changement débutants ou avancés qui souhaitent comprendre concrètement comment positionner les managers dans l’entreprise agile";"Jeudi matin";"Long 1.2";"93";"Shu (apprendre les fondamentaux)";"Expliquer des bases";"Chalet 1";"11h20 - 12h20"
95;"Et si Mario était UX designer...";"Sarah";"COLMON";"Alexandra";"NEMERY";"";"";"Avez-vous déjà ressenti de la frustration en jouant à un jeu vidéo à cause de commandes non intuitives ? Vous êtes-vous déjà ennuyés devant des pages de chargement trop longues ? Vous aussi, vous pensez que les inventaires sont souvent mal conçus ? Si vous vous sentez concernés par ces problématiques, alors vous avez aussi expérimenté des problèmes d'expérience utilisateur dans votre vie de gamer. Nous vous proposons un nouvel angle de vue sur la UX, en vous apportant des exemples concrets issus des grands hits des jeux vidéo. En partant d'exemples de rétrogaming jusqu'aux blockbusters récents de l'industrie du jeu, nous ferons le tour d'éléments essentiels qui concourent à une bonne expérience. La UX est parfois là où on ne l'attend pas, venez explorer une nouvelle approche plus parlante et plus fun sous l'angle des jeux vidéo, où utilisabilité et jouabilité ne sont pas si éloignées ! Et si vous reconsidéreriez l'expérience utilisateur sous l'angle de l'expérience gamer ?";"Vendredi matin";"Long 2";"95";"Ha (casser avec la tradition)";"Partager une expérience";"Chalet 4";"09h30 - 10h30"
97;"Comment accélerer vos tests ... une histoire de Machine Learning";"Ismail";"HAMMOUNOU";"Ismail";"HAMMOUNOU";"";"";"Les développeurs s'appuient surtout sur l'opinion des experts. Malheureusement, ils ne sont pas infaillibles. Grâce au Data Science et au Machine Learning, nous pouvons maintenant utiliser les données pour améliorer nos pratiques de développement.<br>Comme beaucoup de software houses qui ont eu du succès sur plusieurs décennies, Murex s'appuie sur de nombreux tests end-to-end pour son assurance qualité. Bien que fiables, ces tests sont lents, ce qui ralenti le feedback pour les développeurs. Nous avons travaillé à prédire quels sont les tests les plus risqués pour un commit. En réduisant le nombre de tests à lancer, l'algorithme a réduit le temps de test de 5h à 2h30. En venant écouter cette histoire, vous apprendrez également :<br>* Ce que le Data Science pourrait apporter aux pratiques de dev<br>* Comment affiner les bonnes pratiques de dev pour votre projet<br>* Le workflow typique du Machine Learning<br>* Comment commencer à utiliser vos données<br>Venez voir un aperçu du futur du génie logiciel.";"Jeudi matin";"Long 1.2";"97";"Ha (casser avec la tradition)";"Faire vivre une pratique";"Chalet 2";"11h20 - 12h20"
98;"Live Refactoring de Legacy Code avec les techniques du Golden Master et du Mikado Method";"Philippe";"BOURGAU";"";"";"";"";"“Hier, j’ai continué mon refactoring. Je devrais avoir fini aujourd’hui.” Vous êtes vous déjà retrouvé à répéter cela pendant 15 daily meetings de suite?<br>Dans le quotidien des développeurs, refactorer le code legacy reste une des activités les plus compliquées et risquées. “N’y touchons pas !” est la recommandation la plus répandue. Malheureusement, nous passons au moins 80% du temps dans du code ‘Legacy’. Autant être prêt !<br>Venez découvrir, de manière très pratique, le golden Master et la méthode Mikado, 2 techniques de refactoring de code legacy, grâce à un live code kata. Vous comprendrez comment ces techniques:<br>* évitent l’effet tunnel<br>* découpent un gros refactoring en petites étapes déployables<br>* réduisent les risques<br>* contribuent à un rythme soutenable<br>* se complémentent pour un effet maximal<br>* peuvent être utilisées dans des contextes différents<br>Etes vous prêt à vous attaquer au Legacy ? Ça commence ici ^_^";"Vendredi matin";"Long 3";"98";"Shu (apprendre les fondamentaux)";"Partager une expérience";"Chalet 4";"10h50 - 11h50"
105;"Sur le chemin de la qualité : en équipe et dès demain !";"Julien";"JAKUBOWSKI";"";"";"";"";"Ça y est ! C’est décidé ! Vous allez construire des applications de meilleure qualité. Vous êtes convaincu•e que, pour cela, certaines pratiques de développement sont fondamentales comme par exemple les revues de code ou les tests unitaires automatisés.<br>Mais le problème, c’est que vos collègues n’en font pas. Parce que « c’est trop cher on n’a pas le temps », « je ne connais pas », « on ne m’écoutera pas », « ça ne marchera pas chez nous », « je crains les remarques sur mon code »...<br>Comment aider votre équipe ?<br>Après cette conférence, quand vous reviendrez sur votre plateau projet, vous aurez quelques éléments à essayer tout de suite. Et peut-être de quoi élaborer un plan de bataille pour que vous et votre équipe soyez fiers de votre code et ainsi conquérir le monde !";"Jeudi matin";"Long 1";"105";"Ha (casser avec la tradition)";"Partager une expérience";"Chalet 3";"09h50 - 10h50"
106;"L'UX, acteur de la transformation d'un pays !";"Philippe";"SOURGET";"Victor";"PICHON";"";"";"La session s'adresse à un public très large (Coach agile, Product Owner, UX...). Il s'agit d'un retour d'expérience d'une mission d'accompagnement UX pour les services publics du gouvernement Polynésien. Cette session ne nécessite pas de connaissances préalable. C'est une invitation au voyage qui permettra au public de mieux appréhender la mutation actuelle de la Polynésie française et de comprendre comment une démarche centrée utilisateurs a permis d'accompagner la transformation digitale d'un pays.";"Jeudi après-midi";"Court 2";"106";"Ha (casser avec la tradition)";"Faire vivre une pratique";"Chalet 4";"17h20 - 17h40"
107;"Des outils pour changer de posture managériale";"Olivier";"LE LAN";"";"";"";"";"Et pourquoi tu as décidé ça ? Oui, mais tu pourrais faire ça, C'est vous le boss, dites-moi quoi faire !<br>Vous avez déjà dit ou entendu ce genre de phrases, non ?  On dit aux managers qu'ils doivent changer leur posture et devenir agile. On dit aux équipes qu'elles doivent collaborer et se responsabiliser. Malgré tous les frameworks et méthodes, la transition agile se fait souvent dans la douleur. Je suis convaincu qu'il est primordial de casser certains réflexes de langage pour déployer réellement et efficacement l'intelligence collective au sein de l'entreprise, et je vous propose d'expérimenter des techniques simples et efficaces pour ainsi avancer d'un grand pas vers l'entreprise agile.";"Vendredi Après-midi";"Court 3";"107";"Shu (apprendre les fondamentaux)";"Partager une expérience";"Chalet 1";"16h40 - 17h10"
108;"Quelle est notre réponse à l'adage documenter, oui ! mais il faut une doc utile";"thomas";"BONSET";"Émilien";"BOULBEN";"";"";"En tant que développeurs, nous avons souvent entendu l'expression courageuse de doc utile, qui laisse plus perplexe qu'autre chose.<br>Face à un besoin clair (l'explication de ce que fait un code - eh oui, le code ne se suffit pas à lui même) et à une demande importante (de nouveaux devs qui arrivent, de devs partis 2 mois en vacances, du remplissage de CRA) nous avons repensé tout notre workflow de travail afin d'alimenter une doc utile (pour de vrai), contextualisée et surtout maintenue.<br>Nous n'avons pas d'autres prétentions que de proposer une réponse possible à un problème donné. Il s'agira donc d'un REX qui présentera nos choix de workflow, leurs exigences, leurs avantages, et leurs conséquences. Nous y parlerons pèle-mêle de gestion de version, de technique du palmier, de cross-test, de tests unitaires, de requêtes de tirage...<br>Nous voulons la présentation courte, bon , accessible à tout public pour peu qu'on ait une vague idée de comment un produit se développe.";"Vendredi Après-midi";"Court 3";"108";"Shu (apprendre les fondamentaux)";"Tenter un truc";"Chalet 2";"16h40 - 17h10"
112;"La vie est un jeu... de rôle !";"Elodie";"DESCHARMES";"";"";"";"";"Team member, product owner, scrum master, coach agile... Mon rôle et moi, moi et mon rôle... et si on parlait un peu de jeux de rôles ?<br>Qu’est-ce que le jeu de rôle nous apprend sur la gestion de nos différentes casquettes ? Sur la cohésion d’équipe ? « Dis-moi comment tu joues, je te dirai qui tu es ! »<br>Lors de cette session, nous nous intéresserons tout particulièrement au partage des émotions dans un collectif, un super-pouvoir pour créer et resserrer des liens, mais à manier avec précaution !<br>Bref, un peu d’expérience rôliste au service de notre agilité :)";"Jeudi après-midi";"Court 2";"112";"Shu (apprendre les fondamentaux)";"Partager une expérience";"Chalet 4";"17h20 - 17h50"
117;"Le Wedding PI Planning";"Pascale";"POTHIN";"Marco";"MARCAL";"Catherine";"BOUDLAL";"Lors d'une transformation agile à l'échelle, il n'est pas toujours simple de convaincre les équipes et surtout leur manager de l'utilité de participer à un PI planning. Souvent il n'est vu que la perte de production associée à un tel événement : des centaines de personnes qui ne développent rien mais passent 2 jours en réunion... Dans le cadre de ma mission chez mon client, j'ai inventé un atelier afin de faire vivre de manière ludique un PI planning. Avec 4 autres autres coaches Agiles nous avons réalisé tapis de jeux et cartes. Nous avons avec succès fait jouer les managers (exco) et depuis nous intégrons ce jeu dans nos formations agile à l'échelle pour les équipes. Aucune connaissance n'est nécessaire. Ce jeu est à destination de toute personne souhaitant découvrir en quoi consiste cette cérémonie de PI Planning. Les participants repartent en ayant compris les avantages d'une telle cérémonie : vision commune, communication, coopération, collaboration, synchronisation...";"Vendredi matin";"Long 2";"117";"Ha (casser avec la tradition)";"Partager une expérience";"Fermette";"09h30 - 10h30"
128;"Déboires agiles au comptoir";"Grégoire";"QUENTIN";"Dan";"MAGIER";"";"";"PITCH : 2 coachs agiles se retrouvent dans un bar, et se commence à épiloguer sur leurs déboires de missions...<br>CONTENU : des expériences parlant d'agilité à l’échelle, de management, de devops, ... le tout mixant REX et Tips.<br>FORMAT : Nous souhaitons tester un format différent d'une conférence classique. De part une mise en scène théâtrale, et l'enchaînement de scénettes nous souhaitons faire vivre les retours d'expérience et les enseignements à en tirer";"Vendredi";"Déjeuner";"128";"Ha (casser avec la tradition)";"Partager une expérience";"Chalet 3";"Déjeuner"
129;"A la recherche de la résilience, l’agile local et à petite échelle";"Nathaniel";"RICHAND";"";"";"";"";"Voilà de nombreuses années qu’une partie de la communauté agile s’agite autour de la question : comment passer de l’équipe agile à l’entreprise agile ?<br>Et si ce n’était pas la bonne question ?<br>Je voudrais à travers cette session vous parler d’un domaine différent mais riche d’inspiration : la permaculture.<br>L’agriculture moderne basée sur la mécanisation et la chimie à outrance arrive à un tournant. La rentabilité promise par la culture de champs gigantesques ne fonctionne plus car celle-ci à détruit l'écosystème.<br>L’avenir de l’agriculture se fera certainement sur un retour aux sources : imiter la nature et recréer les sols capable de produire de la richesse, entretenir des petits écosystèmes avec soins qui seront hyper productif plutôt que de très grand à bout de souffle.<br>Et si on s’inspirait des principes de la permaculture pour réinventer nos organisations ? Venez découvrir comment démarrer et plantez la graine du changement avec nous :)";"Vendredi matin";"Long 3";"129";"Ha (casser avec la tradition)";"Faire vivre une pratique";"Fermette";"10h50 - 11h50"
130;"Scale Puzzle Game";"Bastien";"JACOUD";"Edouard";"PRIMAULT";"";"";"Les valeurs et les pratiques agiles avec une équipe, ça marche! Avec 2 ou 3 équipes aussi! Que se passe-t-il si l’on passe à beaucoup plus d’équipes qui travaille en même temps sur un même produit ?<br>Nous vous proposons de simuler ce cas de figure en construisant collectivement un puzzle de plus de 1000 pièces d’une complexité inouïe. A partir d’un cadre agile de départ, vous le ferez évoluer votre organisation afin de produire le plus valeur possible. Au travers cette expérience, vous serez initiés aux opportunités et aux difficultés de l’agilité à l’échelle.";"Vendredi matin";"Long 2 + 3";"130";"Ha (casser avec la tradition)";"apprendre en s'amusant";"Belvédère";"09h30 - 11h50"
131;"Les enfants terribles de l'agilité, l'atelier ludo parodico télévisuo pédagogique !";"Emmanuel";"GUE";"Alexandre";"HUETE";"";"";"Nous sommes Tic et Tac, à moins que cela ne soit le contraire, nous sommes les s terribles de l'agilité, donnez-nous un concept on vous le hack !<br>Vous aimez l'agilité, les années 80, les séries TV, les jeux TV, les tubes et pub de l'époque. Mixer le tout et cela vous donnera une idée de notre atelier façon jeu TV. Bref si pour vous, apprendre en s'amusant est un crédo alors vous êtes au bon endroit.<br>* Pour tout agiliste qui saura jongler entre les valeurs agiles, les années 80, les anti-patterns, les processus, les outils, la dérision et revenir aux basics.<br>* nécessaire : un esprit créatif, une envie de partage, un brin de folie. Quelques notions d'agilité, des heures passées devant la TV, avoir vécu dans les années 80/90 seraient un plus.<br>*  une expérience unique, du fun des rires, et avec un peu de chances, vous apprendrez même 2, 3 trucs au passage, les gagnants repartent avec un pot d'agigilité, la poudre magique pour agiliser vos projets.";"Jeudi matin";"Long 1";"131";"Shu (apprendre les fondamentaux)";"Tenter un truc";"Chalet 2";"09h50 - 10h50"
141;"Réussir le changement sur les projets agiles !";"Davy";"AZAM";"Didier";"ORTEGA";"";"";"Agile ou Waterfall, aujourd'hui 83% des projets dérivent ou ne génèrent pas les bénéfices escomptés et les 3 premières causes d'échec sont liées au change management<br>Les méthodes agiles cherchent à éviter l'effet tunnel des méthodes classiques et proposent une organisation réunissant toutes les expertises (métier, connaissance du produit, développement, ...) afin d'optimiser l'efficacité opérationnelle et de s'assurer que le produit livré correspond aux attentes.<br>Et le changement dans tout ça ?<br>La conduite du changement sur les projets est souvent déployée en fin de projet autour du triptyque formation, documentation, communication, or ces pratiques séquentielles sont peu adaptées aux approches agiles.<br>De l'expérimentation à la co-construction, nous vous proposons de vous donner les étapes clés de l'accomplissement du changement sur vos projets agiles.";"Jeudi après-midi";"Court 2";"141";"";;"Chalet 2";"17h20 - 17h40"
144;"Education Nationale : Qui a dit que le mammouth ne pouvait pas être agile ?";"Marta";"THONGSAVARN";"Nicolas";"CHAIGNEAU";"Xavier";"FENOUIL";"Qui a dit que le mammouth ne pouvait pas être agile ?<br>Ceux qui pensent notre environnement administratif et juridique trop contraint, initialement peu propice à l’agilité ?<br>Ceux qui jugent peu compatible d'avoir des  équipes réparties sur différents sites en métropole ?<br>Ceux qui connaissent les grands programmes informatiques au sein de la fonction publique grâce à leurs couacs plutôt que leurs hip hip hip hourra !<br>Soyons honnête, nous avons nous-même beaucoup douté. Et nous continuons de nous interroger. Mais nous sommes fiers du parcours que nous avons déjà fait.<br>Le Ministère, huitième employeur mondial, a démarré des expériences de développement en mode Agile dès 2015 avec l’expérimentation de Scrum puis en 2016 par la mise en place de l’agile à l’échelle pour 32 équipes de développement et 450 collaborateurs. Il affiche aujourd’hui une volonté de généralisation avec le plan de transformation agile ! Venez nous voir on vous dit tout, nos fiertés, nos doutes et nos échecs !<br>Au programme :<br>- La sortie de l’Age de Glace du mammouth<br>- La dérive des continents<br>- Les lois de l'univers et au-delà";"Jeudi matin";"Long 1";"144";;;"Chalet 2";"09h50 - 10h50"
007;"Si Darwin avait raison, l'agilité fonctionne par hasard";"François";"ZANINOTTO";"";"";"";"";"L'agilité provoque de nombreuses mutations dans l'IT, ce qui permet une plus grande adaptation des équipes techniques à l'environnement changeant de leurs entreprises. Et il existe une espèce de sélection naturelle des entreprises qui fait aujourd'hui émerger les plus agiles. Mais l'hypertrophie de l'IT dans les nouveaux géants de l'économie cache une énorme vulnérabilité : l'agilité pêche à dépasser l'organe informatique, et les autres métiers de l'entreprise doivent, eux aussi, muter plus souvent. A travers mon expérience d'entrepreneur et un rapprochement pas trop sérieux avec la théorie de l'évolution, cette conférence sera pour moi l'occasion d'appeler à une révolution dans la pratique du management.";"Vendredi matin";"Keynote";"007";;;"Belvédère";"12h00 - 12h40"